{
  "accuracy": 0.9752,
  "precision": 0.876,
  "recall": 0.876,
  "f1_score": 0.876,
  "roc_auc": 0.9926506666666666,
  "pr_auc": 0.951270971048015,
  "confusion_matrix": {
    "tn": 4438,
    "fp": 62,
    "fn": 62,
    "tp": 438
  }
}